{"action": {"mean": [0.6099768877029419, 0.006020434200763702, 0.28556180000305176, -0.10896766930818558, 0.05478909984230995, -0.033486634492874146, 1.0], "std": [0.023585433140397072, 0.013653785921633244, 0.016553644090890884, 0.13361895084381104, 0.1146325021982193, 0.09873862564563751, 0.0], "max": [0.7239137291908264, 0.07904704660177231, 0.3229960501194, 0.2859210669994354, 0.6645300388336182, 0.2271489053964615, 1.0], "min": [0.49404844641685486, -0.05470659211277962, 0.2040398269891739, -0.7231040596961975, -0.24870313704013824, -0.49991869926452637, 1.0], "q01": [0.5185820412635803, -0.023976590558886526, 0.23493182346224784, -0.6083781242370605, -0.17226178124547004, -0.4463175228238106, 1.0], "q99": [0.6810808539390562, 0.0480873668193817, 0.3169462651014328, 0.02575990773737364, 0.4426117712259283, 0.14500720322132096, 1.0]}, "proprio": {"mean": [0.0, 0.0, 0.0, 0.0, 0.0, 0.0, 0.0], "std": [0.0, 0.0, 0.0, 0.0, 0.0, 0.0, 0.0], "max": [0.0, 0.0, 0.0, 0.0, 0.0, 0.0, 0.0], "min": [0.0, 0.0, 0.0, 0.0, 0.0, 0.0, 0.0], "q01": [0.0, 0.0, 0.0, 0.0, 0.0, 0.0, 0.0], "q99": [0.0, 0.0, 0.0, 0.0, 0.0, 0.0, 0.0]}, "num_transitions": 300, "num_trajectories": 100}