{"action": {"mean": [0.6045615673065186, 0.0016704582376405597, 0.29196497797966003, -0.065737284719944, 0.04919963702559471, -0.01696724072098732, 1.0], "std": [0.025561723858118057, 0.016149437054991722, 0.018258225172758102, 0.10995461791753769, 0.12155229598283768, 0.09139703214168549, 0.0], "max": [0.7239137291908264, 0.09183115512132645, 0.4251784682273865, 0.2859210669994354, 0.7061749696731567, 0.2271489053964615, 1.0], "min": [0.4456910192966461, -0.0735776275396347, 0.2040398269891739, -0.7231040596961975, -0.5504763722419739, -0.49991869926452637, 1.0], "q01": [0.5153010201454162, -0.04672628950327635, 0.24065197736024857, -0.5317887932062149, -0.2273458808660507, -0.4218310710787773, 1.0], "q99": [0.6726330727338791, 0.04932177066802979, 0.33761583536863327, 0.08784938618540766, 0.46916836261749273, 0.16567669078707697, 1.0]}, "proprio": {"mean": [0.0, 0.0, 0.0, 0.0, 0.0, 0.0, 0.0], "std": [0.0, 0.0, 0.0, 0.0, 0.0, 0.0, 0.0], "max": [0.0, 0.0, 0.0, 0.0, 0.0, 0.0, 0.0], "min": [0.0, 0.0, 0.0, 0.0, 0.0, 0.0, 0.0], "q01": [0.0, 0.0, 0.0, 0.0, 0.0, 0.0, 0.0], "q99": [0.0, 0.0, 0.0, 0.0, 0.0, 0.0, 0.0]}, "num_transitions": 420, "num_trajectories": 140}