{"action": {"mean": [0.591274082660675, 0.002737495582550764, 0.3040597438812256, 0.009954014793038368, -0.013452708721160889, -0.0033110918011516333, 1.0], "std": [0.039866503328084946, 0.020397650077939034, 0.026216821745038033, 0.11271781474351883, 0.15641973912715912, 0.11109354346990585, 0.0], "max": [0.7498870491981506, 0.09597844630479813, 0.4067090153694153, 0.8047540187835693, 0.7237204909324646, 0.95257967710495, 1.0], "min": [0.31882742047309875, -0.09729420393705368, 0.2187018096446991, -0.5096137523651123, -0.522976279258728, -0.6352541446685791, 1.0], "q01": [0.44559259712696075, -0.06660320363938808, 0.24041384637355803, -0.2993792778253555, -0.41760955065488814, -0.31235872715711593, 1.0], "q99": [0.6754584312438964, 0.06437567129731177, 0.3851941570639608, 0.5006871077418314, 0.5107474452257156, 0.45920931279658733, 1.0]}, "proprio": {"mean": [0.0, 0.0, 0.0, 0.0, 0.0, 0.0, 0.0], "std": [0.0, 0.0, 0.0, 0.0, 0.0, 0.0, 0.0], "max": [0.0, 0.0, 0.0, 0.0, 0.0, 0.0, 0.0], "min": [0.0, 0.0, 0.0, 0.0, 0.0, 0.0, 0.0], "q01": [0.0, 0.0, 0.0, 0.0, 0.0, 0.0, 0.0], "q99": [0.0, 0.0, 0.0, 0.0, 0.0, 0.0, 0.0]}, "num_transitions": 522, "num_trajectories": 174}