{"action": {"mean": [0.5963521003723145, -0.003222041530534625, 0.29882869124412537, -0.0225335992872715, 0.02118021249771118, 0.011408187448978424, 1.0], "std": [0.020981740206480026, 0.01586097478866577, 0.016782080754637718, 0.03814774751663208, 0.10800427943468094, 0.047589536756277084, 0.0], "max": [0.6508787870407104, 0.09183115512132645, 0.4251784682273865, 0.10502392053604126, 0.7061749696731567, 0.1981344223022461, 1.0], "min": [0.4456910192966461, -0.0735776275396347, 0.25842398405075073, -0.1711263507604599, -0.5504763722419739, -0.15048129856586456, 1.0], "q01": [0.5229305028915405, -0.047947898507118225, 0.2684062123298645, -0.1464325338602066, -0.2466525137424469, -0.11279886215925217, 1.0], "q99": [0.6321432590484619, 0.04357989504933357, 0.3434382975101471, 0.07886245846748352, 0.3123292326927185, 0.16720150411128998, 1.0]}, "proprio": {"mean": [0.0, 0.0, 0.0, 0.0, 0.0, 0.0, 0.0], "std": [0.0, 0.0, 0.0, 0.0, 0.0, 0.0, 0.0], "max": [0.0, 0.0, 0.0, 0.0, 0.0, 0.0, 0.0], "min": [0.0, 0.0, 0.0, 0.0, 0.0, 0.0, 0.0], "q01": [0.0, 0.0, 0.0, 0.0, 0.0, 0.0, 0.0], "q99": [0.0, 0.0, 0.0, 0.0, 0.0, 0.0, 0.0]}, "num_transitions": 201, "num_trajectories": 67}